Tempo(s),X(m),Y(m),Z(m),Roll(rad),Pitch(rad),Yaw(rad),VelX(m/s),VelY(m/s),VelLinear(m/s),VelAngular(rad/s),VelActEsquerda(m/s),VelActDireita(m/s)
0.000,0.0000,0.0000,0.1400,-0.0000,0.0000,-0.0000,0.0000,0.0000,0.0000,0.0000,1.0000,1.0000
0.050,0.0020,0.0000,0.1387,-0.0001,-0.0016,-0.0003,0.0397,0.0002,0.0397,-0.0060,1.0000,1.0000
0.100,0.0068,0.0000,0.1387,-0.0001,-0.0018,-0.0005,0.0962,0.0002,0.0962,-0.0040,1.0000,1.0000
0.150,0.0117,0.0000,0.1387,-0.0001,-0.0018,-0.0006,0.0974,0.0000,0.0974,-0.0016,1.0000,1.0000
0.200,0.0165,0.0000,0.1387,-0.0001,-0.0018,-0.0006,0.0973,-0.0001,0.0973,-0.0004,1.0000,1.0000
0.250,0.0214,0.0000,0.1387,-0.0001,-0.0018,-0.0006,0.0973,-0.0001,0.0973,0.0000,1.0000,1.0000
0.300,0.0263,0.0000,0.1387,-0.0001,-0.0018,-0.0006,0.0973,-0.0001,0.0973,0.0001,1.0000,1.0000
0.350,0.0311,0.0000,0.1387,-0.0001,-0.0018,-0.0006,0.0973,-0.0001,0.0973,0.0001,1.0000,1.0000
0.400,0.0360,-0.0000,0.1387,-0.0001,-0.0018,-0.0006,0.0973,-0.0001,0.0973,0.0000,1.0000,1.0000
0.450,0.0409,-0.0000,0.1387,-0.0001,-0.0018,-0.0006,0.0973,-0.0001,0.0973,0.0000,1.0000,1.0000
0.500,0.0457,-0.0000,0.1387,-0.0001,-0.0018,-0.0006,0.0973,-0.0001,0.0973,-0.0000,1.0000,1.0000
0.550,0.0506,-0.0000,0.1387,-0.0001,-0.0018,-0.0006,0.0973,-0.0001,0.0973,-0.0000,1.0000,1.0000
0.600,0.0555,-0.0000,0.1387,-0.0001,-0.0018,-0.0006,0.0973,-0.0001,0.0973,-0.0000,1.0000,1.0000
0.650,0.0603,-0.0000,0.1387,-0.0001,-0.0018,-0.0006,0.0973,-0.0001,0.0973,-0.0000,1.0000,1.0000
0.700,0.0652,-0.0000,0.1387,-0.0001,-0.0018,-0.0006,0.0973,-0.0001,0.0973,-0.0000,1.0000,1.0000
0.750,0.0701,-0.0000,0.1387,-0.0001,-0.0018,-0.0006,0.0973,-0.0001,0.0973,-0.0001,1.0000,1.0000
0.800,0.0749,-0.0000,0.1387,-0.0001,-0.0018,-0.0006,0.0973,-0.0001,0.0973,-0.0001,1.0000,1.0000
0.850,0.0798,-0.0000,0.1387,-0.0001,-0.0018,-0.0006,0.0973,-0.0001,0.0973,-0.0001,1.0000,1.0000
0.900,0.0847,-0.0000,0.1387,-0.0001,-0.0018,-0.0006,0.0973,-0.0001,0.0973,-0.0001,1.0000,1.0000
0.950,0.0895,-0.0001,0.1387,-0.0001,-0.0018,-0.0006,0.0973,-0.0001,0.0973,-0.0001,1.0000,1.0000
1.000,0.0944,-0.0001,0.1387,-0.0001,-0.0018,-0.0006,0.0973,-0.0001,0.0973,-0.0001,1.0000,1.0000
1.050,0.0993,-0.0001,0.1387,-0.0001,-0.0018,-0.0006,0.0973,-0.0001,0.0973,-0.0001,1.0000,1.0000
1.100,0.1041,-0.0001,0.1387,-0.0001,-0.0018,-0.0006,0.0973,-0.0001,0.0973,-0.0001,1.0000,1.0000
1.150,0.1090,-0.0001,0.1387,-0.0001,-0.0018,-0.0006,0.0973,-0.0001,0.0973,-0.0001,1.0000,1.0000
1.200,0.1138,-0.0001,0.1387,-0.0001,-0.0018,-0.0006,0.0973,-0.0001,0.0973,-0.0001,1.0000,1.0000
1.250,0.1187,-0.0001,0.1387,-0.0001,-0.0018,-0.0006,0.0973,-0.0001,0.0973,-0.0001,1.0000,1.0000
1.300,0.1236,-0.0001,0.1387,-0.0001,-0.0018,-0.0006,0.0973,-0.0001,0.0973,-0.0001,1.0000,1.0000
1.350,0.1284,-0.0001,0.1387,-0.0001,-0.0018,-0.0006,0.0973,-0.0001,0.0973,-0.0001,1.0000,1.0000
1.400,0.1333,-0.0001,0.1387,-0.0001,-0.0018,-0.0006,0.0973,-0.0001,0.0973,-0.0001,1.0000,1.0000
1.450,0.1382,-0.0001,0.1387,-0.0001,-0.0018,-0.0006,0.0973,-0.0001,0.0973,-0.0001,1.0000,1.0000
1.500,0.1430,-0.0001,0.1387,-0.0001,-0.0018,-0.0007,0.0973,-0.0001,0.0973,-0.0001,1.0000,1.0000
1.550,0.1479,-0.0001,0.1387,-0.0001,-0.0018,-0.0007,0.0973,-0.0001,0.0973,-0.0001,1.0000,1.0000
1.600,0.1528,-0.0001,0.1387,-0.0001,-0.0018,-0.0007,0.0973,-0.0001,0.0973,-0.0001,1.0000,1.0000
1.650,0.1576,-0.0001,0.1387,-0.0001,-0.0018,-0.0007,0.0973,-0.0001,0.0973,-0.0001,1.0000,1.0000
1.700,0.1625,-0.0001,0.1387,-0.0001,-0.0018,-0.0007,0.0973,-0.0001,0.0973,-0.0001,1.0000,1.0000
1.750,0.1674,-0.0001,0.1387,-0.0001,-0.0018,-0.0007,0.0973,-0.0001,0.0973,-0.0001,1.0000,1.0000
1.800,0.1722,-0.0001,0.1387,-0.0001,-0.0017,-0.0007,0.0974,-0.0001,0.0974,0.0001,1.0000,1.0000
1.850,0.1771,-0.0001,0.1387,-0.0001,-0.0018,-0.0007,0.0973,-0.0001,0.0973,0.0001,1.0000,1.0000
1.900,0.1820,-0.0001,0.1387,-0.0001,-0.0018,-0.0007,0.0973,-0.0001,0.0973,-0.0000,1.0000,1.0000
1.950,0.1868,-0.0002,0.1387,-0.0001,-0.0018,-0.0007,0.0973,-0.0001,0.0973,-0.0001,1.0000,1.0000
2.000,0.1917,-0.0002,0.1387,-0.0001,-0.0018,-0.0007,0.0973,-0.0001,0.0973,-0.0002,1.0000,1.0000
2.050,0.1966,-0.0002,0.1387,-0.0001,-0.0018,-0.0007,0.0973,-0.0001,0.0973,-0.0002,1.0000,1.0000
2.100,0.2014,-0.0002,0.1387,-0.0001,-0.0017,-0.0007,0.0976,-0.0001,0.0976,-0.0004,1.0000,1.0000
2.150,0.2063,-0.0002,0.1387,-0.0001,-0.0018,-0.0007,0.0972,-0.0001,0.0972,-0.0001,1.0000,1.0000
2.200,0.2112,-0.0002,0.1387,-0.0001,-0.0018,-0.0007,0.0972,-0.0001,0.0972,-0.0002,1.0000,1.0000
2.250,0.2160,-0.0002,0.1387,-0.0001,-0.0018,-0.0007,0.0973,-0.0001,0.0973,-0.0002,1.0000,1.0000
2.300,0.2209,-0.0002,0.1387,-0.0001,-0.0018,-0.0007,0.0973,-0.0001,0.0973,-0.0002,1.0000,1.0000
2.350,0.2258,-0.0002,0.1387,-0.0001,-0.0018,-0.0007,0.0973,-0.0001,0.0973,-0.0002,1.0000,1.0000
2.400,0.2306,-0.0002,0.1387,-0.0001,-0.0018,-0.0008,0.0973,-0.0001,0.0973,-0.0001,1.0000,1.0000
2.450,0.2355,-0.0002,0.1387,-0.0001,-0.0018,-0.0008,0.0973,-0.0001,0.0973,-0.0001,1.4218,1.0532
2.500,0.2411,-0.0001,0.1387,-0.0001,-0.0019,-0.0035,0.1128,0.0018,0.1128,-0.0547,1.4218,1.0532
2.550,0.2471,0.0001,0.1387,-0.0001,-0.0018,-0.0082,0.1186,0.0032,0.1187,-0.0942,1.4218,1.0532
2.600,0.2530,0.0002,0.1387,-0.0001,-0.0018,-0.0135,0.1183,0.0034,0.1183,-0.1055,1.4218,1.0532
2.650,0.2589,0.0004,0.1387,-0.0001,-0.0018,-0.0191,0.1183,0.0031,0.1183,-0.1117,1.4218,1.0532
2.700,0.2648,0.0005,0.1387,-0.0001,-0.0018,-0.0248,0.1183,0.0026,0.1183,-0.1143,1.4218,1.0532
2.750,0.2707,0.0006,0.1387,-0.0001,-0.0018,-0.0305,0.1183,0.0020,0.1183,-0.1149,1.4218,1.0532
2.800,0.2766,0.0007,0.1387,-0.0001,-0.0018,-0.0362,0.1183,0.0012,0.1183,-0.1144,1.4218,1.0532
2.850,0.2826,0.0007,0.1387,-0.0002,-0.0018,-0.0419,0.1183,0.0005,0.1183,-0.1135,1.4218,1.0532
2.900,0.2885,0.0007,0.1387,-0.0002,-0.0018,-0.0475,0.1183,-0.0002,0.1183,-0.1124,1.4218,1.0532
2.950,0.2944,0.0006,0.1387,-0.0002,-0.0018,-0.0531,0.1183,-0.0009,0.1183,-0.1114,1.4218,1.0532
3.000,0.3003,0.0006,0.1387,-0.0002,-0.0018,-0.0586,0.1183,-0.0017,0.1183,-0.1106,1.4218,1.0532
3.050,0.3062,0.0004,0.1387,-0.0002,-0.0018,-0.0641,0.1183,-0.0024,0.1183,-0.1099,1.4218,1.0532
3.100,0.3121,0.0003,0.1387,-0.0002,-0.0018,-0.0696,0.1182,-0.0031,0.1183,-0.1094,1.4218,1.0532
3.150,0.3180,0.0001,0.1387,-0.0002,-0.0018,-0.0751,0.1182,-0.0037,0.1183,-0.1090,1.4218,1.0532
3.200,0.3239,-0.0001,0.1387,-0.0002,-0.0018,-0.0805,0.1182,-0.0044,0.1183,-0.1088,1.4218,1.0532
3.250,0.3299,-0.0004,0.1387,-0.0002,-0.0018,-0.0859,0.1182,-0.0050,0.1183,-0.1087,1.4218,1.0532
3.300,0.3358,-0.0007,0.1387,-0.0002,-0.0018,-0.0914,0.1182,-0.0057,0.1183,-0.1087,1.4218,1.0532
3.350,0.3417,-0.0010,0.1387,-0.0002,-0.0018,-0.0968,0.1181,-0.0063,0.1183,-0.1087,1.4218,1.0532
3.400,0.3476,-0.0013,0.1387,-0.0003,-0.0018,-0.1022,0.1181,-0.0069,0.1183,-0.1087,1.4218,1.0532
3.450,0.3535,-0.0017,0.1387,-0.0003,-0.0018,-0.1077,0.1181,-0.0076,0.1183,-0.1087,1.4218,1.0532
3.500,0.3594,-0.0021,0.1387,-0.0003,-0.0018,-0.1131,0.1180,-0.0082,0.1183,-0.1087,1.4218,1.0532
3.550,0.3653,-0.0025,0.1387,-0.0003,-0.0018,-0.1185,0.1180,-0.0089,0.1183,-0.1087,1.4218,1.0532
3.600,0.3712,-0.0030,0.1387,-0.0003,-0.0018,-0.1240,0.1179,-0.0095,0.1183,-0.1087,1.4218,1.0532
3.650,0.3771,-0.0035,0.1387,-0.0003,-0.0018,-0.1294,0.1179,-0.0101,0.1183,-0.1087,1.4218,1.0532
3.700,0.3830,-0.0041,0.1387,-0.0003,-0.0018,-0.1348,0.1178,-0.0108,0.1183,-0.1087,1.4218,1.0532
3.750,0.3888,-0.0046,0.1387,-0.0003,-0.0018,-0.1403,0.1177,-0.0114,0.1183,-0.1087,1.4218,1.0532
3.800,0.3947,-0.0052,0.1387,-0.0003,-0.0018,-0.1457,0.1177,-0.0121,0.1183,-0.1087,1.4218,1.0532
3.850,0.4006,-0.0059,0.1387,-0.0003,-0.0018,-0.1512,0.1176,-0.0127,0.1183,-0.1087,1.4218,1.0532
3.900,0.4065,-0.0065,0.1387,-0.0004,-0.0017,-0.1566,0.1175,-0.0133,0.1183,-0.1087,1.4218,1.0532
3.950,0.4124,-0.0072,0.1387,-0.0004,-0.0017,-0.1620,0.1175,-0.0140,0.1183,-0.1087,1.4218,1.0532
4.000,0.4182,-0.0080,0.1387,-0.0004,-0.0017,-0.1675,0.1174,-0.0146,0.1183,-0.1087,1.4218,1.0532
4.050,0.4241,-0.0087,0.1387,-0.0004,-0.0017,-0.1729,0.1173,-0.0153,0.1183,-0.1087,1.4218,1.0532
4.100,0.4300,-0.0095,0.1387,-0.0004,-0.0017,-0.1783,0.1172,-0.0159,0.1183,-0.1087,1.4218,1.0532
4.150,0.4358,-0.0104,0.1387,-0.0004,-0.0017,-0.1838,0.1171,-0.0165,0.1183,-0.1087,1.4218,1.0532
4.200,0.4417,-0.0112,0.1387,-0.0004,-0.0017,-0.1892,0.1170,-0.0172,0.1183,-0.1087,1.4218,1.0532
4.250,0.4475,-0.0121,0.1387,-0.0004,-0.0017,-0.1947,0.1170,-0.0178,0.1183,-0.1087,1.4218,1.0532
4.300,0.4534,-0.0130,0.1387,-0.0004,-0.0017,-0.2001,0.1169,-0.0184,0.1183,-0.1087,1.4218,1.0532
4.350,0.4592,-0.0140,0.1387,-0.0004,-0.0017,-0.2055,0.1167,-0.0191,0.1183,-0.1087,1.4218,1.0532
4.400,0.4650,-0.0150,0.1387,-0.0004,-0.0017,-0.2110,0.1166,-0.0197,0.1183,-0.1087,1.4218,1.0532
4.450,0.4708,-0.0160,0.1387,-0.0005,-0.0017,-0.2164,0.1165,-0.0203,0.1183,-0.1087,1.4218,1.0532
4.500,0.4767,-0.0170,0.1387,-0.0005,-0.0017,-0.2218,0.1164,-0.0210,0.1183,-0.1087,1.4218,1.0532
4.550,0.4825,-0.0181,0.1387,-0.0005,-0.0017,-0.2273,0.1163,-0.0216,0.1183,-0.1087,1.4218,1.0532
4.600,0.4883,-0.0192,0.1387,-0.0005,-0.0017,-0.2327,0.1162,-0.0222,0.1183,-0.1087,1.4218,1.0532
4.650,0.4941,-0.0204,0.1387,-0.0005,-0.0017,-0.2382,0.1161,-0.0229,0.1183,-0.1087,1.4218,1.0532
4.700,0.4999,-0.0215,0.1387,-0.0005,-0.0017,-0.2436,0.1159,-0.0235,0.1183,-0.1087,1.4218,1.0532
4.750,0.5057,-0.0228,0.1387,-0.0005,-0.0017,-0.2490,0.1158,-0.0241,0.1183,-0.1087,1.4218,1.0532
4.800,0.5115,-0.0240,0.1387,-0.0005,-0.0017,-0.2545,0.1157,-0.0248,0.1183,-0.1087,1.4218,1.0532
4.850,0.5172,-0.0253,0.1387,-0.0005,-0.0017,-0.2599,0.1155,-0.0254,0.1183,-0.1087,1.4218,1.0532
4.900,0.5230,-0.0266,0.1387,-0.0005,-0.0017,-0.2653,0.1154,-0.0260,0.1183,-0.1087,1.4218,1.0532
4.950,0.5288,-0.0279,0.1387,-0.0005,-0.0017,-0.2708,0.1153,-0.0266,0.1183,-0.1087,1.4945,1.2773
5.000,0.5352,-0.0295,0.1387,-0.0006,-0.0018,-0.2751,0.1281,-0.0317,0.1319,-0.0872,1.4945,1.2773
5.050,0.5417,-0.0312,0.1387,-0.0006,-0.0017,-0.2786,0.1295,-0.0336,0.1338,-0.0702,1.4945,1.2773
5.100,0.5481,-0.0329,0.1387,-0.0006,-0.0017,-0.2819,0.1291,-0.0343,0.1336,-0.0640,1.4945,1.2773
5.150,0.5546,-0.0346,0.1387,-0.0006,-0.0017,-0.2849,0.1290,-0.0348,0.1336,-0.0614,1.4945,1.2773
5.200,0.5610,-0.0364,0.1387,-0.0006,-0.0017,-0.2880,0.1289,-0.0352,0.1336,-0.0609,1.4945,1.2773
5.250,0.5674,-0.0381,0.1387,-0.0006,-0.0017,-0.2910,0.1288,-0.0356,0.1336,-0.0614,1.4945,1.2773
5.300,0.5739,-0.0399,0.1387,-0.0006,-0.0017,-0.2941,0.1287,-0.0359,0.1336,-0.0621,1.4945,1.2773
5.350,0.5803,-0.0418,0.1387,-0.0006,-0.0017,-0.2973,0.1286,-0.0363,0.1336,-0.0628,1.4945,1.2773
5.400,0.5867,-0.0436,0.1387,-0.0006,-0.0017,-0.3004,0.1285,-0.0367,0.1336,-0.0633,1.4945,1.2773
5.450,0.5932,-0.0454,0.1387,-0.0006,-0.0017,-0.3036,0.1284,-0.0371,0.1336,-0.0636,1.4945,1.2773
5.500,0.5996,-0.0473,0.1387,-0.0006,-0.0017,-0.3068,0.1283,-0.0375,0.1336,-0.0638,1.4945,1.2773
5.550,0.6060,-0.0492,0.1387,-0.0006,-0.0017,-0.3100,0.1282,-0.0379,0.1336,-0.0639,1.4945,1.2773
5.600,0.6124,-0.0511,0.1387,-0.0006,-0.0017,-0.3132,0.1280,-0.0383,0.1336,-0.0640,1.4945,1.2773
5.650,0.6188,-0.0531,0.1387,-0.0006,-0.0017,-0.3164,0.1279,-0.0387,0.1336,-0.0641,1.4945,1.2773
5.700,0.6252,-0.0550,0.1387,-0.0006,-0.0017,-0.3196,0.1278,-0.0391,0.1336,-0.0641,1.4945,1.2773
5.750,0.6315,-0.0570,0.1387,-0.0006,-0.0017,-0.3228,0.1277,-0.0395,0.1336,-0.0641,1.4945,1.2773
5.800,0.6379,-0.0590,0.1387,-0.0006,-0.0017,-0.3260,0.1275,-0.0399,0.1336,-0.0641,1.4945,1.2773
5.850,0.6443,-0.0610,0.1387,-0.0006,-0.0017,-0.3292,0.1274,-0.0403,0.1336,-0.0641,1.4945,1.2773
5.900,0.6507,-0.0630,0.1387,-0.0007,-0.0017,-0.3324,0.1273,-0.0407,0.1336,-0.0641,1.4945,1.2773
5.950,0.6570,-0.0651,0.1387,-0.0007,-0.0017,-0.3356,0.1272,-0.0411,0.1336,-0.0641,1.4945,1.2773
6.000,0.6634,-0.0672,0.1387,-0.0007,-0.0017,-0.3388,0.1270,-0.0415,0.1336,-0.0641,1.4945,1.2773
6.050,0.6697,-0.0693,0.1387,-0.0007,-0.0016,-0.3421,0.1269,-0.0419,0.1336,-0.0641,1.4945,1.2773
6.100,0.6760,-0.0714,0.1387,-0.0007,-0.0016,-0.3453,0.1267,-0.0423,0.1336,-0.0641,1.4945,1.2773
6.150,0.6824,-0.0735,0.1387,-0.0007,-0.0016,-0.3485,0.1266,-0.0427,0.1336,-0.0641,1.4945,1.2773
6.200,0.6887,-0.0757,0.1387,-0.0007,-0.0016,-0.3517,0.1265,-0.0431,0.1336,-0.0641,1.4945,1.2773
6.250,0.6950,-0.0778,0.1387,-0.0007,-0.0016,-0.3549,0.1263,-0.0436,0.1336,-0.0641,1.4945,1.2773
6.300,0.7013,-0.0800,0.1387,-0.0007,-0.0016,-0.3581,0.1262,-0.0440,0.1336,-0.0641,1.4945,1.2773
6.350,0.7076,-0.0823,0.1387,-0.0007,-0.0016,-0.3613,0.1261,-0.0444,0.1336,-0.0641,1.4945,1.2773
6.400,0.7139,-0.0845,0.1387,-0.0007,-0.0016,-0.3645,0.1259,-0.0448,0.1336,-0.0641,1.4945,1.2773
6.450,0.7202,-0.0868,0.1387,-0.0007,-0.0016,-0.3677,0.1258,-0.0452,0.1336,-0.0641,1.4945,1.2773
6.500,0.7265,-0.0890,0.1387,-0.0007,-0.0016,-0.3709,0.1256,-0.0456,0.1336,-0.0641,1.4945,1.2773
6.550,0.7328,-0.0913,0.1387,-0.0007,-0.0016,-0.3741,0.1255,-0.0460,0.1336,-0.0641,1.4945,1.2773
6.600,0.7390,-0.0937,0.1387,-0.0007,-0.0016,-0.3773,0.1253,-0.0464,0.1336,-0.0641,1.4945,1.2773
6.650,0.7453,-0.0960,0.1387,-0.0007,-0.0016,-0.3805,0.1252,-0.0468,0.1336,-0.0641,1.4945,1.2773
6.700,0.7515,-0.0984,0.1387,-0.0007,-0.0016,-0.3837,0.1250,-0.0472,0.1336,-0.0641,1.4945,1.2773
6.750,0.7578,-0.1007,0.1387,-0.0007,-0.0016,-0.3869,0.1249,-0.0476,0.1336,-0.0641,1.4945,1.2773
6.800,0.7640,-0.1031,0.1387,-0.0007,-0.0016,-0.3901,0.1247,-0.0480,0.1336,-0.0641,1.4945,1.2773
6.850,0.7703,-0.1056,0.1387,-0.0008,-0.0016,-0.3933,0.1246,-0.0484,0.1336,-0.0641,1.4945,1.2773
6.900,0.7765,-0.1080,0.1387,-0.0008,-0.0016,-0.3965,0.1244,-0.0488,0.1336,-0.0641,1.4945,1.2773
6.950,0.7827,-0.1105,0.1387,-0.0008,-0.0016,-0.3998,0.1243,-0.0492,0.1336,-0.0641,1.4945,1.2773
7.000,0.7889,-0.1129,0.1387,-0.0008,-0.0016,-0.4030,0.1241,-0.0496,0.1336,-0.0641,1.4945,1.2773
7.050,0.7951,-0.1154,0.1387,-0.0008,-0.0016,-0.4062,0.1239,-0.0500,0.1336,-0.0641,1.4945,1.2773
7.100,0.8013,-0.1179,0.1387,-0.0008,-0.0016,-0.4094,0.1238,-0.0504,0.1336,-0.0641,1.4945,1.2773
7.150,0.8075,-0.1205,0.1387,-0.0008,-0.0016,-0.4126,0.1236,-0.0508,0.1336,-0.0641,1.4945,1.2773
7.200,0.8136,-0.1230,0.1387,-0.0008,-0.0016,-0.4158,0.1235,-0.0512,0.1336,-0.0641,1.4945,1.2773
7.250,0.8198,-0.1256,0.1387,-0.0008,-0.0016,-0.4190,0.1233,-0.0516,0.1336,-0.0638,1.4945,1.2773
7.300,0.8259,-0.1282,0.1387,-0.0008,-0.0016,-0.4221,0.1231,-0.0520,0.1336,-0.0636,1.4945,1.2773
7.350,0.8321,-0.1308,0.1387,-0.0008,-0.0016,-0.4253,0.1229,-0.0524,0.1336,-0.0636,1.4945,1.2773
7.400,0.8382,-0.1335,0.1387,-0.0008,-0.0016,-0.4285,0.1227,-0.0528,0.1336,-0.0637,1.4945,1.2773
7.450,0.8444,-0.1361,0.1387,-0.0008,-0.0016,-0.4317,0.1226,-0.0532,0.1336,-0.0637,0.5867,0.7711
7.500,0.8487,-0.1381,0.1387,-0.0006,-0.0012,-0.4336,0.0860,-0.0389,0.0944,-0.0377,0.5867,0.7711
7.550,0.8516,-0.1396,0.1387,-0.0008,-0.0015,-0.4312,0.0591,-0.0295,0.0661,0.0469,0.5867,0.7711
7.600,0.8546,-0.1411,0.1387,-0.0008,-0.0016,-0.4285,0.0599,-0.0303,0.0671,0.0549,0.5867,0.7711
7.650,0.8576,-0.1426,0.1387,-0.0008,-0.0016,-0.4257,0.0601,-0.0303,0.0673,0.0549,0.5867,0.7711
7.700,0.8606,-0.1441,0.1387,-0.0008,-0.0016,-0.4230,0.0601,-0.0301,0.0672,0.0547,0.5867,0.7711
7.750,0.8636,-0.1456,0.1387,-0.0008,-0.0016,-0.4203,0.0602,-0.0299,0.0672,0.0546,0.5867,0.7711
7.800,0.8666,-0.1471,0.1387,-0.0008,-0.0016,-0.4175,0.0603,-0.0297,0.0672,0.0546,0.5867,0.7711
7.850,0.8697,-0.1485,0.1387,-0.0008,-0.0016,-0.4148,0.0604,-0.0295,0.0672,0.0546,0.5867,0.7711
7.900,0.8727,-0.1500,0.1387,-0.0008,-0.0016,-0.4121,0.0604,-0.0293,0.0672,0.0546,0.5867,0.7711
7.950,0.8757,-0.1515,0.1387,-0.0008,-0.0016,-0.4094,0.0605,-0.0291,0.0672,0.0545,0.5867,0.7711
8.000,0.8787,-0.1529,0.1387,-0.0008,-0.0016,-0.4066,0.0606,-0.0290,0.0672,0.0545,0.5867,0.7711
8.050,0.8818,-0.1544,0.1387,-0.0008,-0.0016,-0.4039,0.0607,-0.0288,0.0672,0.0545,0.5867,0.7711
8.100,0.8848,-0.1558,0.1387,-0.0008,-0.0016,-0.4012,0.0608,-0.0286,0.0672,0.0545,0.5867,0.7711
8.150,0.8879,-0.1572,0.1387,-0.0008,-0.0016,-0.3985,0.0609,-0.0285,0.0672,0.0545,0.5867,0.7711
8.200,0.8909,-0.1586,0.1387,-0.0007,-0.0016,-0.3957,0.0609,-0.0283,0.0672,0.0545,0.5867,0.7711
8.250,0.8940,-0.1600,0.1387,-0.0007,-0.0016,-0.3930,0.0610,-0.0281,0.0672,0.0545,0.5867,0.7711
8.300,0.8970,-0.1614,0.1387,-0.0007,-0.0016,-0.3903,0.0611,-0.0280,0.0672,0.0545,0.5867,0.7711
8.350,0.9001,-0.1628,0.1387,-0.0007,-0.0016,-0.3876,0.0612,-0.0278,0.0672,0.0545,0.5867,0.7711
8.400,0.9031,-0.1642,0.1387,-0.0007,-0.0016,-0.3848,0.0612,-0.0276,0.0672,0.0545,0.5867,0.7711
8.450,0.9062,-0.1656,0.1387,-0.0007,-0.0016,-0.3821,0.0613,-0.0274,0.0672,0.0545,0.5867,0.7711
8.500,0.9093,-0.1669,0.1387,-0.0007,-0.0016,-0.3794,0.0614,-0.0273,0.0672,0.0545,0.5867,0.7711
8.550,0.9123,-0.1683,0.1387,-0.0007,-0.0016,-0.3766,0.0615,-0.0271,0.0672,0.0545,0.5867,0.7711
8.600,0.9154,-0.1696,0.1387,-0.0007,-0.0016,-0.3739,0.0615,-0.0269,0.0672,0.0545,0.5867,0.7711
8.650,0.9185,-0.1710,0.1387,-0.0007,-0.0016,-0.3712,0.0616,-0.0268,0.0672,0.0545,0.5867,0.7711
8.700,0.9216,-0.1723,0.1387,-0.0007,-0.0016,-0.3685,0.0617,-0.0266,0.0672,0.0545,0.5867,0.7711
8.750,0.9247,-0.1736,0.1387,-0.0007,-0.0016,-0.3657,0.0618,-0.0264,0.0672,0.0545,0.5867,0.7711
8.800,0.9278,-0.1749,0.1387,-0.0007,-0.0016,-0.3630,0.0618,-0.0263,0.0672,0.0545,0.5867,0.7711
8.850,0.9309,-0.1762,0.1387,-0.0007,-0.0016,-0.3603,0.0619,-0.0261,0.0672,0.0545,0.5867,0.7711
8.900,0.9340,-0.1775,0.1387,-0.0007,-0.0016,-0.3576,0.0620,-0.0259,0.0672,0.0545,0.5867,0.7711
8.950,0.9371,-0.1788,0.1387,-0.0007,-0.0016,-0.3549,0.0621,-0.0258,0.0672,0.0545,0.5867,0.7711
9.000,0.9402,-0.1801,0.1387,-0.0007,-0.0016,-0.3521,0.0621,-0.0256,0.0672,0.0545,0.5867,0.7711
9.050,0.9433,-0.1814,0.1387,-0.0007,-0.0016,-0.3494,0.0622,-0.0254,0.0672,0.0545,0.5867,0.7711
9.100,0.9464,-0.1826,0.1387,-0.0007,-0.0016,-0.3467,0.0623,-0.0252,0.0672,0.0545,0.5867,0.7711
9.150,0.9495,-0.1839,0.1387,-0.0007,-0.0016,-0.3440,0.0623,-0.0251,0.0672,0.0545,0.5867,0.7711
9.200,0.9526,-0.1851,0.1387,-0.0007,-0.0017,-0.3412,0.0624,-0.0249,0.0672,0.0545,0.5867,0.7711
9.250,0.9557,-0.1864,0.1387,-0.0007,-0.0017,-0.3385,0.0625,-0.0247,0.0672,0.0545,0.5867,0.7711
9.300,0.9589,-0.1876,0.1387,-0.0007,-0.0017,-0.3358,0.0625,-0.0246,0.0672,0.0545,0.5867,0.7711
9.350,0.9620,-0.1888,0.1387,-0.0006,-0.0017,-0.3331,0.0626,-0.0244,0.0672,0.0545,0.5867,0.7711
9.400,0.9651,-0.1900,0.1387,-0.0006,-0.0017,-0.3303,0.0627,-0.0242,0.0672,0.0545,0.5867,0.7711
9.450,0.9683,-0.1912,0.1387,-0.0006,-0.0017,-0.3276,0.0627,-0.0241,0.0672,0.0545,0.5867,0.7711
9.500,0.9714,-0.1924,0.1387,-0.0006,-0.0017,-0.3249,0.0628,-0.0239,0.0672,0.0544,0.5867,0.7711
9.550,0.9746,-0.1936,0.1387,-0.0006,-0.0017,-0.3222,0.0629,-0.0237,0.0672,0.0544,0.5867,0.7711
9.600,0.9777,-0.1948,0.1387,-0.0006,-0.0017,-0.3195,0.0629,-0.0235,0.0672,0.0544,0.5867,0.7711
9.650,0.9808,-0.1960,0.1387,-0.0006,-0.0017,-0.3167,0.0630,-0.0234,0.0672,0.0544,0.5867,0.7711
9.700,0.9840,-0.1971,0.1387,-0.0006,-0.0017,-0.3140,0.0631,-0.0232,0.0672,0.0544,0.5867,0.7711
9.750,0.9872,-0.1983,0.1387,-0.0006,-0.0017,-0.3113,0.0631,-0.0230,0.0672,0.0544,0.5867,0.7711
9.800,0.9903,-0.1994,0.1387,-0.0006,-0.0017,-0.3086,0.0632,-0.0229,0.0672,0.0544,0.5867,0.7711
9.850,0.9935,-0.2006,0.1387,-0.0006,-0.0017,-0.3058,0.0632,-0.0227,0.0672,0.0544,0.5867,0.7711
9.900,0.9966,-0.2017,0.1387,-0.0006,-0.0017,-0.3031,0.0633,-0.0225,0.0672,0.0544,0.5867,0.7711
9.950,0.9998,-0.2028,0.1387,-0.0006,-0.0017,-0.3004,0.0634,-0.0223,0.0672,0.0544,0.9550,0.7837
10.000,1.0036,-0.2039,0.1387,-0.0006,-0.0018,-0.3007,0.0754,-0.0217,0.0784,-0.0068,0.9550,0.7837
10.050,1.0076,-0.2050,0.1387,-0.0006,-0.0017,-0.3032,0.0805,-0.0228,0.0837,-0.0485,0.9550,0.7837
10.100,1.0116,-0.2062,0.1387,-0.0006,-0.0017,-0.3057,0.0804,-0.0228,0.0835,-0.0516,0.9550,0.7837
10.150,1.0157,-0.2073,0.1387,-0.0006,-0.0016,-0.3083,0.0807,-0.0232,0.0840,-0.0517,0.9550,0.7837
10.200,1.0197,-0.2085,0.1387,-0.0006,-0.0017,-0.3108,0.0799,-0.0232,0.0832,-0.0498,0.9550,0.7837
10.250,1.0237,-0.2097,0.1387,-0.0006,-0.0017,-0.3133,0.0802,-0.0235,0.0836,-0.0498,0.9550,0.7837
10.300,1.0277,-0.2108,0.1387,-0.0006,-0.0017,-0.3158,0.0801,-0.0237,0.0835,-0.0499,0.9550,0.7837
10.350,1.0317,-0.2120,0.1387,-0.0006,-0.0017,-0.3183,0.0801,-0.0239,0.0835,-0.0499,0.9550,0.7837
10.400,1.0357,-0.2132,0.1387,-0.0006,-0.0017,-0.3208,0.0800,-0.0241,0.0835,-0.0500,0.9550,0.7837
10.450,1.0397,-0.2145,0.1387,-0.0006,-0.0017,-0.3233,0.0799,-0.0243,0.0835,-0.0500,0.9550,0.7837
10.500,1.0437,-0.2157,0.1387,-0.0006,-0.0017,-0.3258,0.0799,-0.0245,0.0836,-0.0501,0.9550,0.7837
10.550,1.0477,-0.2169,0.1387,-0.0006,-0.0017,-0.3283,0.0798,-0.0247,0.0836,-0.0501,0.9550,0.7837
10.600,1.0516,-0.2182,0.1387,-0.0006,-0.0017,-0.3308,0.0798,-0.0249,0.0836,-0.0502,0.9550,0.7837
10.650,1.0556,-0.2194,0.1387,-0.0007,-0.0017,-0.3333,0.0797,-0.0251,0.0836,-0.0502,0.9550,0.7837
10.700,1.0596,-0.2207,0.1387,-0.0007,-0.0017,-0.3358,0.0796,-0.0253,0.0836,-0.0502,0.9550,0.7837
10.750,1.0636,-0.2220,0.1387,-0.0007,-0.0016,-0.3384,0.0796,-0.0255,0.0836,-0.0503,0.9550,0.7837
10.800,1.0676,-0.2232,0.1387,-0.0007,-0.0016,-0.3409,0.0795,-0.0257,0.0836,-0.0503,0.9550,0.7837
10.850,1.0715,-0.2245,0.1387,-0.0007,-0.0016,-0.3434,0.0794,-0.0259,0.0836,-0.0503,0.9550,0.7837
10.900,1.0755,-0.2258,0.1387,-0.0007,-0.0016,-0.3459,0.0794,-0.0261,0.0836,-0.0503,0.9550,0.7837
10.950,1.0795,-0.2272,0.1387,-0.0007,-0.0016,-0.3484,0.0793,-0.0263,0.0836,-0.0503,0.9550,0.7837
11.000,1.0834,-0.2285,0.1387,-0.0007,-0.0016,-0.3509,0.0792,-0.0265,0.0836,-0.0504,0.9550,0.7837
11.050,1.0874,-0.2298,0.1387,-0.0007,-0.0016,-0.3535,0.0792,-0.0267,0.0836,-0.0504,0.9550,0.7837
11.100,1.0913,-0.2312,0.1387,-0.0007,-0.0016,-0.3560,0.0791,-0.0269,0.0836,-0.0504,0.9550,0.7837
11.150,1.0953,-0.2325,0.1387,-0.0007,-0.0016,-0.3585,0.0790,-0.0271,0.0836,-0.0504,0.9550,0.7837
11.200,1.0992,-0.2339,0.1387,-0.0007,-0.0016,-0.3610,0.0790,-0.0273,0.0836,-0.0504,0.9550,0.7837
11.250,1.1032,-0.2353,0.1387,-0.0007,-0.0016,-0.3635,0.0789,-0.0275,0.0836,-0.0504,0.9550,0.7837
11.300,1.1071,-0.2367,0.1387,-0.0007,-0.0016,-0.3661,0.0788,-0.0277,0.0836,-0.0504,0.9550,0.7837
11.350,1.1111,-0.2380,0.1387,-0.0007,-0.0016,-0.3686,0.0788,-0.0279,0.0836,-0.0504,0.9550,0.7837
11.400,1.1150,-0.2395,0.1387,-0.0007,-0.0016,-0.3711,0.0787,-0.0281,0.0836,-0.0504,0.9550,0.7837
11.450,1.1189,-0.2409,0.1387,-0.0007,-0.0016,-0.3736,0.0786,-0.0283,0.0836,-0.0504,0.9550,0.7837
11.500,1.1229,-0.2423,0.1387,-0.0007,-0.0016,-0.3762,0.0785,-0.0285,0.0836,-0.0505,0.9550,0.7837
11.550,1.1268,-0.2437,0.1387,-0.0007,-0.0016,-0.3787,0.0785,-0.0287,0.0836,-0.0505,0.9550,0.7837
11.600,1.1307,-0.2452,0.1387,-0.0007,-0.0016,-0.3812,0.0784,-0.0289,0.0835,-0.0505,0.9550,0.7837
11.650,1.1346,-0.2466,0.1387,-0.0007,-0.0016,-0.3837,0.0783,-0.0291,0.0835,-0.0505,0.9550,0.7837
11.700,1.1385,-0.2481,0.1387,-0.0007,-0.0016,-0.3862,0.0783,-0.0293,0.0835,-0.0505,0.9550,0.7837
11.750,1.1424,-0.2496,0.1387,-0.0007,-0.0016,-0.3888,0.0782,-0.0295,0.0835,-0.0505,0.9550,0.7837
11.800,1.1463,-0.2510,0.1387,-0.0007,-0.0016,-0.3913,0.0781,-0.0297,0.0835,-0.0505,0.9550,0.7837
11.850,1.1502,-0.2525,0.1387,-0.0008,-0.0016,-0.3938,0.0779,-0.0298,0.0834,-0.0505,0.9550,0.7837
11.900,1.1541,-0.2540,0.1387,-0.0008,-0.0016,-0.3963,0.0778,-0.0300,0.0834,-0.0505,0.9550,0.7837
11.950,1.1580,-0.2555,0.1387,-0.0008,-0.0016,-0.3989,0.0778,-0.0302,0.0834,-0.0505,0.9550,0.7837
12.000,1.1619,-0.2571,0.1387,-0.0008,-0.0016,-0.4014,0.0777,-0.0304,0.0834,-0.0505,0.9550,0.7837
12.050,1.1658,-0.2586,0.1387,-0.0008,-0.0016,-0.4039,0.0776,-0.0306,0.0834,-0.0505,0.9550,0.7837
12.100,1.1697,-0.2601,0.1387,-0.0008,-0.0016,-0.4064,0.0775,-0.0308,0.0834,-0.0505,0.9550,0.7837
12.150,1.1735,-0.2617,0.1387,-0.0008,-0.0016,-0.4090,0.0775,-0.0310,0.0834,-0.0505,0.9550,0.7837
12.200,1.1774,-0.2632,0.1387,-0.0008,-0.0016,-0.4115,0.0774,-0.0312,0.0834,-0.0505,0.9550,0.7837
12.250,1.1813,-0.2648,0.1387,-0.0008,-0.0016,-0.4140,0.0773,-0.0314,0.0834,-0.0505,0.9550,0.7837
12.300,1.1851,-0.2664,0.1387,-0.0008,-0.0016,-0.4165,0.0772,-0.0316,0.0834,-0.0505,0.9550,0.7837
12.350,1.1890,-0.2680,0.1387,-0.0008,-0.0016,-0.4191,0.0771,-0.0318,0.0834,-0.0505,0.9550,0.7837
12.400,1.1928,-0.2696,0.1387,-0.0008,-0.0016,-0.4216,0.0771,-0.0320,0.0834,-0.0505,0.9550,0.7837
12.450,1.1967,-0.2712,0.1387,-0.0008,-0.0016,-0.4241,0.0770,-0.0322,0.0834,-0.0505,0.8378,0.8275
12.500,1.2004,-0.2728,0.1387,-0.0008,-0.0016,-0.4248,0.0738,-0.0325,0.0807,-0.0144,0.8378,0.8275
12.550,1.2041,-0.2745,0.1387,-0.0008,-0.0016,-0.4251,0.0737,-0.0330,0.0807,-0.0053,0.8378,0.8275
12.600,1.2078,-0.2761,0.1387,-0.0008,-0.0016,-0.4253,0.0737,-0.0332,0.0808,-0.0033,0.8378,0.8275
12.650,1.2114,-0.2778,0.1387,-0.0008,-0.0016,-0.4254,0.0736,-0.0333,0.0808,-0.0024,0.8378,0.8275
12.700,1.2151,-0.2795,0.1387,-0.0008,-0.0016,-0.4255,0.0736,-0.0333,0.0808,-0.0021,0.8378,0.8275
12.750,1.2188,-0.2811,0.1387,-0.0008,-0.0016,-0.4256,0.0736,-0.0334,0.0808,-0.0020,0.8378,0.8275
12.800,1.2225,-0.2828,0.1387,-0.0008,-0.0016,-0.4257,0.0736,-0.0333,0.0808,-0.0022,0.8378,0.8275
12.850,1.2262,-0.2845,0.1387,-0.0008,-0.0016,-0.4258,0.0736,-0.0333,0.0808,-0.0023,0.8378,0.8275
12.900,1.2298,-0.2861,0.1387,-0.0008,-0.0016,-0.4259,0.0736,-0.0333,0.0808,-0.0024,0.8378,0.8275
12.950,1.2335,-0.2878,0.1387,-0.0008,-0.0016,-0.4261,0.0736,-0.0333,0.0808,-0.0026,0.8378,0.8275
13.000,1.2372,-0.2895,0.1387,-0.0008,-0.0016,-0.4262,0.0736,-0.0333,0.0808,-0.0027,0.8378,0.8275
13.050,1.2409,-0.2911,0.1387,-0.0008,-0.0016,-0.4263,0.0736,-0.0333,0.0808,-0.0028,0.8378,0.8275
13.100,1.2446,-0.2928,0.1387,-0.0008,-0.0016,-0.4265,0.0736,-0.0333,0.0808,-0.0028,0.8378,0.8275
13.150,1.2482,-0.2945,0.1387,-0.0008,-0.0016,-0.4266,0.0736,-0.0333,0.0808,-0.0029,0.8378,0.8275
13.200,1.2519,-0.2961,0.1387,-0.0008,-0.0016,-0.4268,0.0736,-0.0333,0.0808,-0.0029,0.8378,0.8275
13.250,1.2556,-0.2978,0.1387,-0.0008,-0.0016,-0.4269,0.0736,-0.0333,0.0808,-0.0030,0.8378,0.8275
13.300,1.2593,-0.2995,0.1387,-0.0008,-0.0016,-0.4271,0.0736,-0.0333,0.0808,-0.0030,0.8378,0.8275
13.350,1.2630,-0.3011,0.1387,-0.0008,-0.0016,-0.4272,0.0736,-0.0334,0.0808,-0.0030,0.8378,0.8275
13.400,1.2666,-0.3028,0.1387,-0.0008,-0.0016,-0.4274,0.0736,-0.0334,0.0808,-0.0030,0.8378,0.8275
13.450,1.2703,-0.3045,0.1387,-0.0008,-0.0016,-0.4275,0.0736,-0.0334,0.0808,-0.0030,0.8378,0.8275
13.500,1.2740,-0.3061,0.1387,-0.0008,-0.0016,-0.4277,0.0736,-0.0334,0.0808,-0.0030,0.8378,0.8275
13.550,1.2777,-0.3078,0.1387,-0.0008,-0.0016,-0.4278,0.0736,-0.0334,0.0808,-0.0030,0.8378,0.8275
13.600,1.2814,-0.3095,0.1387,-0.0008,-0.0016,-0.4280,0.0736,-0.0334,0.0808,-0.0030,0.8378,0.8275
13.650,1.2850,-0.3111,0.1387,-0.0008,-0.0016,-0.4281,0.0736,-0.0334,0.0808,-0.0030,0.8378,0.8275
13.700,1.2887,-0.3128,0.1387,-0.0008,-0.0016,-0.4283,0.0736,-0.0334,0.0808,-0.0030,0.8378,0.8275
13.750,1.2924,-0.3145,0.1387,-0.0008,-0.0016,-0.4284,0.0736,-0.0334,0.0808,-0.0030,0.8378,0.8275
13.800,1.2961,-0.3162,0.1387,-0.0008,-0.0016,-0.4286,0.0736,-0.0335,0.0808,-0.0030,0.8378,0.8275
13.850,1.2998,-0.3178,0.1387,-0.0008,-0.0016,-0.4287,0.0736,-0.0335,0.0808,-0.0030,0.8378,0.8275
13.900,1.3034,-0.3195,0.1387,-0.0008,-0.0016,-0.4289,0.0736,-0.0335,0.0808,-0.0030,0.8378,0.8275
13.950,1.3071,-0.3212,0.1387,-0.0008,-0.0016,-0.4290,0.0736,-0.0335,0.0808,-0.0030,0.8378,0.8275
14.000,1.3108,-0.3229,0.1387,-0.0008,-0.0016,-0.4292,0.0735,-0.0335,0.0808,-0.0030,0.8378,0.8275
14.050,1.3145,-0.3245,0.1387,-0.0008,-0.0016,-0.4293,0.0735,-0.0335,0.0808,-0.0030,0.8378,0.8275
14.100,1.3181,-0.3262,0.1387,-0.0008,-0.0016,-0.4295,0.0735,-0.0335,0.0808,-0.0030,0.8378,0.8275
14.150,1.3218,-0.3279,0.1387,-0.0008,-0.0016,-0.4296,0.0735,-0.0335,0.0808,-0.0030,0.8378,0.8275
14.200,1.3255,-0.3296,0.1387,-0.0008,-0.0016,-0.4298,0.0735,-0.0335,0.0808,-0.0030,0.8378,0.8275
14.250,1.3292,-0.3312,0.1387,-0.0008,-0.0016,-0.4299,0.0735,-0.0336,0.0808,-0.0030,0.8378,0.8275
14.300,1.3329,-0.3329,0.1387,-0.0008,-0.0016,-0.4301,0.0735,-0.0336,0.0808,-0.0030,0.8378,0.8275
14.350,1.3365,-0.3346,0.1387,-0.0008,-0.0016,-0.4302,0.0735,-0.0336,0.0808,-0.0030,0.8378,0.8275
14.400,1.3402,-0.3363,0.1387,-0.0008,-0.0016,-0.4304,0.0735,-0.0336,0.0808,-0.0030,0.8378,0.8275
14.450,1.3439,-0.3380,0.1387,-0.0008,-0.0016,-0.4305,0.0735,-0.0336,0.0808,-0.0030,0.8378,0.8275
14.500,1.3476,-0.3396,0.1387,-0.0008,-0.0016,-0.4307,0.0735,-0.0336,0.0808,-0.0030,0.8378,0.8275
14.550,1.3512,-0.3413,0.1387,-0.0008,-0.0016,-0.4308,0.0735,-0.0336,0.0808,-0.0030,0.8378,0.8275
14.600,1.3549,-0.3430,0.1387,-0.0008,-0.0016,-0.4310,0.0735,-0.0336,0.0808,-0.0030,0.8378,0.8275
14.650,1.3586,-0.3447,0.1387,-0.0008,-0.0016,-0.4312,0.0735,-0.0336,0.0808,-0.0030,0.8378,0.8275
14.700,1.3623,-0.3464,0.1387,-0.0008,-0.0016,-0.4313,0.0735,-0.0337,0.0808,-0.0030,0.8378,0.8275
14.750,1.3659,-0.3480,0.1387,-0.0008,-0.0016,-0.4315,0.0735,-0.0337,0.0808,-0.0030,0.8378,0.8275
14.800,1.3696,-0.3497,0.1387,-0.0008,-0.0016,-0.4316,0.0735,-0.0337,0.0808,-0.0030,0.8378,0.8275
14.850,1.3733,-0.3514,0.1387,-0.0008,-0.0016,-0.4318,0.0735,-0.0337,0.0808,-0.0030,0.8378,0.8275
14.900,1.3769,-0.3531,0.1387,-0.0008,-0.0016,-0.4319,0.0735,-0.0337,0.0808,-0.0030,0.8378,0.8275
14.950,1.3806,-0.3548,0.1387,-0.0008,-0.0016,-0.4321,0.0735,-0.0337,0.0808,-0.0030,0.9228,0.9448
15.000,1.3847,-0.3567,0.1387,-0.0008,-0.0016,-0.4319,0.0823,-0.0380,0.0906,0.0031,0.9228,0.9448
15.050,1.3889,-0.3586,0.1387,-0.0008,-0.0016,-0.4316,0.0826,-0.0383,0.0910,0.0059,0.9228,0.9448
15.100,1.3930,-0.3605,0.1387,-0.0008,-0.0016,-0.4313,0.0824,-0.0383,0.0909,0.0064,0.9228,0.9448
15.150,1.3971,-0.3624,0.1387,-0.0008,-0.0016,-0.4310,0.0824,-0.0383,0.0909,0.0067,0.9228,0.9448
15.200,1.4012,-0.3643,0.1387,-0.0008,-0.0016,-0.4306,0.0825,-0.0382,0.0909,0.0067,0.9228,0.9448
15.250,1.4053,-0.3662,0.1387,-0.0008,-0.0016,-0.4303,0.0825,-0.0382,0.0909,0.0067,0.9228,0.9448
15.300,1.4095,-0.3682,0.1387,-0.0008,-0.0016,-0.4299,0.0825,-0.0382,0.0909,0.0067,0.9228,0.9448
15.350,1.4136,-0.3701,0.1387,-0.0008,-0.0016,-0.4296,0.0825,-0.0381,0.0909,0.0067,0.9228,0.9448
15.400,1.4177,-0.3720,0.1387,-0.0008,-0.0016,-0.4293,0.0825,-0.0381,0.0909,0.0066,0.9228,0.9448
15.450,1.4218,-0.3739,0.1387,-0.0008,-0.0016,-0.4290,0.0825,-0.0381,0.0909,0.0066,0.9228,0.9448
15.500,1.4260,-0.3758,0.1387,-0.0008,-0.0016,-0.4286,0.0825,-0.0380,0.0909,0.0066,0.9228,0.9448
15.550,1.4301,-0.3777,0.1387,-0.0008,-0.0016,-0.4283,0.0826,-0.0380,0.0909,0.0066,0.9228,0.9448
15.600,1.4342,-0.3796,0.1387,-0.0008,-0.0016,-0.4280,0.0826,-0.0380,0.0909,0.0066,0.9228,0.9448
15.650,1.4384,-0.3815,0.1387,-0.0008,-0.0016,-0.4276,0.0826,-0.0380,0.0909,0.0065,0.9228,0.9448
15.700,1.4425,-0.3834,0.1387,-0.0008,-0.0016,-0.4273,0.0826,-0.0379,0.0909,0.0065,0.9228,0.9448
15.750,1.4466,-0.3853,0.1387,-0.0008,-0.0016,-0.4270,0.0826,-0.0379,0.0909,0.0065,0.9228,0.9448
15.800,1.4508,-0.3872,0.1387,-0.0008,-0.0016,-0.4267,0.0826,-0.0379,0.0909,0.0065,0.9228,0.9448
15.850,1.4549,-0.3890,0.1387,-0.0008,-0.0016,-0.4263,0.0826,-0.0379,0.0909,0.0065,0.9228,0.9448
15.900,1.4590,-0.3909,0.1387,-0.0008,-0.0016,-0.4260,0.0826,-0.0378,0.0909,0.0065,0.9228,0.9448
15.950,1.4631,-0.3928,0.1387,-0.0008,-0.0016,-0.4257,0.0827,-0.0378,0.0909,0.0065,0.9228,0.9448
16.000,1.4673,-0.3947,0.1387,-0.0008,-0.0016,-0.4254,0.0827,-0.0378,0.0909,0.0065,0.9228,0.9448
16.050,1.4714,-0.3966,0.1387,-0.0008,-0.0016,-0.4250,0.0827,-0.0377,0.0909,0.0065,0.9228,0.9448
16.100,1.4755,-0.3985,0.1387,-0.0008,-0.0016,-0.4247,0.0827,-0.0377,0.0909,0.0065,0.9228,0.9448
16.150,1.4797,-0.4004,0.1387,-0.0008,-0.0016,-0.4244,0.0827,-0.0377,0.0909,0.0065,0.9228,0.9448
16.200,1.4838,-0.4023,0.1387,-0.0008,-0.0016,-0.4240,0.0827,-0.0377,0.0909,0.0065,0.9228,0.9448
16.250,1.4880,-0.4041,0.1387,-0.0008,-0.0016,-0.4237,0.0827,-0.0376,0.0909,0.0065,0.9228,0.9448
16.300,1.4921,-0.4060,0.1387,-0.0008,-0.0016,-0.4234,0.0827,-0.0376,0.0909,0.0065,0.9228,0.9448
16.350,1.4962,-0.4079,0.1387,-0.0008,-0.0016,-0.4231,0.0828,-0.0376,0.0909,0.0065,0.9228,0.9448
16.400,1.5004,-0.4098,0.1387,-0.0008,-0.0016,-0.4227,0.0828,-0.0376,0.0909,0.0065,0.9228,0.9448
16.450,1.5045,-0.4117,0.1387,-0.0008,-0.0016,-0.4224,0.0828,-0.0375,0.0909,0.0065,0.9228,0.9448
16.500,1.5086,-0.4135,0.1387,-0.0008,-0.0016,-0.4221,0.0828,-0.0375,0.0909,0.0065,0.9228,0.9448
16.550,1.5128,-0.4154,0.1387,-0.0008,-0.0016,-0.4218,0.0828,-0.0375,0.0909,0.0065,0.9228,0.9448
16.600,1.5169,-0.4173,0.1387,-0.0008,-0.0016,-0.4214,0.0828,-0.0374,0.0909,0.0065,0.9228,0.9448
16.650,1.5211,-0.4191,0.1387,-0.0008,-0.0016,-0.4211,0.0828,-0.0374,0.0909,0.0065,0.9228,0.9448
16.700,1.5252,-0.4210,0.1387,-0.0008,-0.0016,-0.4208,0.0828,-0.0374,0.0909,0.0065,0.9228,0.9448
16.750,1.5294,-0.4229,0.1387,-0.0008,-0.0016,-0.4205,0.0829,-0.0374,0.0909,0.0065,0.9228,0.9448
16.800,1.5335,-0.4248,0.1387,-0.0008,-0.0016,-0.4201,0.0829,-0.0373,0.0909,0.0065,0.9228,0.9448
16.850,1.5376,-0.4266,0.1387,-0.0008,-0.0016,-0.4198,0.0829,-0.0373,0.0909,0.0065,0.9228,0.9448
16.900,1.5418,-0.4285,0.1387,-0.0008,-0.0016,-0.4195,0.0829,-0.0373,0.0909,0.0065,0.9228,0.9448
16.950,1.5459,-0.4303,0.1387,-0.0008,-0.0016,-0.4191,0.0829,-0.0373,0.0909,0.0065,0.9228,0.9448
17.000,1.5501,-0.4322,0.1387,-0.0008,-0.0016,-0.4188,0.0829,-0.0372,0.0909,0.0065,0.9228,0.9448
17.050,1.5542,-0.4341,0.1387,-0.0008,-0.0016,-0.4185,0.0829,-0.0372,0.0909,0.0066,0.9228,0.9448
17.100,1.5584,-0.4359,0.1387,-0.0008,-0.0016,-0.4182,0.0829,-0.0372,0.0909,0.0066,0.9228,0.9448
17.150,1.5625,-0.4378,0.1387,-0.0008,-0.0016,-0.4178,0.0830,-0.0371,0.0909,0.0066,0.9228,0.9448
17.200,1.5667,-0.4396,0.1387,-0.0008,-0.0016,-0.4175,0.0830,-0.0371,0.0909,0.0066,0.9228,0.9448
17.250,1.5708,-0.4415,0.1387,-0.0008,-0.0016,-0.4172,0.0830,-0.0371,0.0909,0.0066,0.9228,0.9448
17.300,1.5750,-0.4433,0.1387,-0.0008,-0.0016,-0.4168,0.0830,-0.0371,0.0909,0.0066,0.9228,0.9448
17.350,1.5791,-0.4452,0.1387,-0.0008,-0.0016,-0.4165,0.0830,-0.0370,0.0909,0.0066,0.9228,0.9448
17.400,1.5833,-0.4470,0.1387,-0.0008,-0.0016,-0.4162,0.0830,-0.0370,0.0909,0.0066,0.9228,0.9448
17.450,1.5874,-0.4489,0.1387,-0.0008,-0.0016,-0.4159,0.0830,-0.0370,0.0909,0.0066,0.9706,0.5846
17.500,1.5911,-0.4504,0.1387,-0.0007,-0.0015,-0.4190,0.0731,-0.0294,0.0787,-0.0623,0.9706,0.5846
17.550,1.5945,-0.4517,0.1387,-0.0008,-0.0016,-0.4243,0.0683,-0.0258,0.0730,-0.1071,0.9706,0.5846
17.600,1.5979,-0.4529,0.1387,-0.0008,-0.0016,-0.4300,0.0687,-0.0257,0.0733,-0.1126,0.9706,0.5846
17.650,1.6014,-0.4542,0.1387,-0.0008,-0.0016,-0.4357,0.0686,-0.0258,0.0733,-0.1152,0.9706,0.5846
17.700,1.6048,-0.4555,0.1387,-0.0008,-0.0016,-0.4415,0.0685,-0.0261,0.0733,-0.1160,0.9706,0.5846
17.750,1.6082,-0.4569,0.1387,-0.0008,-0.0016,-0.4473,0.0688,-0.0263,0.0736,-0.1163,0.9706,0.5846
17.800,1.6116,-0.4582,0.1387,-0.0008,-0.0016,-0.4532,0.0686,-0.0266,0.0735,-0.1167,0.9706,0.5846
17.850,1.6151,-0.4595,0.1387,-0.0009,-0.0016,-0.4590,0.0684,-0.0270,0.0735,-0.1168,0.9706,0.5846
17.900,1.6185,-0.4609,0.1387,-0.0009,-0.0015,-0.4649,0.0681,-0.0275,0.0735,-0.1168,0.9706,0.5846
17.950,1.6219,-0.4623,0.1387,-0.0009,-0.0015,-0.4707,0.0679,-0.0279,0.0734,-0.1166,0.9706,0.5846
18.000,1.6253,-0.4637,0.1387,-0.0009,-0.0015,-0.4765,0.0677,-0.0284,0.0734,-0.1163,0.9706,0.5846
18.050,1.6286,-0.4652,0.1387,-0.0009,-0.0015,-0.4823,0.0675,-0.0289,0.0734,-0.1161,0.9706,0.5846
18.100,1.6320,-0.4666,0.1387,-0.0009,-0.0015,-0.4881,0.0673,-0.0293,0.0734,-0.1158,0.9706,0.5846
18.150,1.6353,-0.4681,0.1387,-0.0009,-0.0015,-0.4939,0.0671,-0.0298,0.0734,-0.1155,0.9706,0.5846
18.200,1.6387,-0.4696,0.1387,-0.0009,-0.0015,-0.4996,0.0668,-0.0302,0.0734,-0.1153,0.9706,0.5846
18.250,1.6420,-0.4712,0.1387,-0.0009,-0.0015,-0.5054,0.0666,-0.0307,0.0734,-0.1151,0.9706,0.5846
18.300,1.6453,-0.4727,0.1387,-0.0009,-0.0015,-0.5111,0.0664,-0.0311,0.0733,-0.1150,0.9706,0.5846
18.350,1.6487,-0.4743,0.1387,-0.0009,-0.0015,-0.5169,0.0663,-0.0315,0.0734,-0.1146,0.9706,0.5846
18.400,1.6520,-0.4759,0.1387,-0.0010,-0.0015,-0.5226,0.0661,-0.0319,0.0734,-0.1144,0.9706,0.5846
18.450,1.6553,-0.4775,0.1387,-0.0010,-0.0015,-0.5283,0.0659,-0.0323,0.0734,-0.1143,0.9706,0.5846
18.500,1.6585,-0.4791,0.1387,-0.0010,-0.0015,-0.5340,0.0657,-0.0327,0.0734,-0.1141,0.9706,0.5846
18.550,1.6618,-0.4808,0.1387,-0.0010,-0.0015,-0.5397,0.0655,-0.0330,0.0734,-0.1140,0.9706,0.5846
18.600,1.6651,-0.4825,0.1387,-0.0010,-0.0015,-0.5454,0.0653,-0.0334,0.0734,-0.1140,0.9706,0.5846
18.650,1.6683,-0.4842,0.1387,-0.0010,-0.0015,-0.5511,0.0651,-0.0338,0.0734,-0.1139,0.9706,0.5846
18.700,1.6716,-0.4859,0.1387,-0.0010,-0.0015,-0.5568,0.0649,-0.0342,0.0734,-0.1138,0.9706,0.5846
18.750,1.6748,-0.4876,0.1387,-0.0010,-0.0015,-0.5625,0.0647,-0.0346,0.0734,-0.1137,0.9706,0.5846
18.800,1.6780,-0.4893,0.1387,-0.0010,-0.0015,-0.5682,0.0645,-0.0349,0.0734,-0.1137,0.9706,0.5846
18.850,1.6813,-0.4911,0.1387,-0.0010,-0.0015,-0.5738,0.0643,-0.0353,0.0734,-0.1136,0.9706,0.5846
18.900,1.6845,-0.4929,0.1387,-0.0010,-0.0015,-0.5795,0.0641,-0.0356,0.0734,-0.1136,0.9706,0.5846
18.950,1.6877,-0.4947,0.1387,-0.0011,-0.0014,-0.5852,0.0639,-0.0360,0.0733,-0.1135,0.9706,0.5846
19.000,1.6908,-0.4965,0.1387,-0.0011,-0.0014,-0.5909,0.0637,-0.0364,0.0733,-0.1135,0.9706,0.5846
19.050,1.6940,-0.4983,0.1387,-0.0011,-0.0014,-0.5966,0.0635,-0.0367,0.0733,-0.1135,0.9706,0.5846
19.100,1.6972,-0.5002,0.1387,-0.0011,-0.0014,-0.6022,0.0633,-0.0371,0.0733,-0.1135,0.9706,0.5846
19.150,1.7003,-0.5021,0.1387,-0.0011,-0.0014,-0.6079,0.0631,-0.0374,0.0733,-0.1135,0.9706,0.5846
19.200,1.7035,-0.5040,0.1387,-0.0011,-0.0014,-0.6136,0.0628,-0.0378,0.0733,-0.1135,0.9706,0.5846
19.250,1.7066,-0.5059,0.1387,-0.0011,-0.0014,-0.6193,0.0626,-0.0381,0.0733,-0.1136,0.9706,0.5846
19.300,1.7097,-0.5078,0.1387,-0.0011,-0.0014,-0.6249,0.0624,-0.0385,0.0733,-0.1136,0.9706,0.5846
19.350,1.7128,-0.5097,0.1387,-0.0011,-0.0014,-0.6306,0.0622,-0.0388,0.0733,-0.1136,0.9706,0.5846
19.400,1.7159,-0.5117,0.1387,-0.0011,-0.0014,-0.6363,0.0619,-0.0392,0.0733,-0.1136,0.9706,0.5846
19.450,1.7190,-0.5137,0.1387,-0.0011,-0.0014,-0.6420,0.0617,-0.0395,0.0733,-0.1137,0.9706,0.5846
19.500,1.7221,-0.5157,0.1387,-0.0011,-0.0014,-0.6477,0.0615,-0.0399,0.0733,-0.1137,0.9706,0.5846
19.550,1.7252,-0.5177,0.1387,-0.0011,-0.0014,-0.6534,0.0612,-0.0402,0.0733,-0.1138,0.9706,0.5846
19.600,1.7282,-0.5197,0.1387,-0.0012,-0.0014,-0.6591,0.0610,-0.0406,0.0733,-0.1138,0.9706,0.5846
19.650,1.7312,-0.5217,0.1387,-0.0012,-0.0014,-0.6647,0.0608,-0.0409,0.0733,-0.1138,0.9706,0.5846
19.700,1.7343,-0.5238,0.1387,-0.0012,-0.0013,-0.6704,0.0605,-0.0413,0.0733,-0.1139,0.9706,0.5846
19.750,1.7373,-0.5259,0.1387,-0.0012,-0.0013,-0.6761,0.0603,-0.0416,0.0733,-0.1139,0.9706,0.5846
19.800,1.7403,-0.5280,0.1387,-0.0012,-0.0013,-0.6818,0.0601,-0.0419,0.0733,-0.1140,0.9706,0.5846
19.850,1.7433,-0.5301,0.1387,-0.0012,-0.0013,-0.6875,0.0598,-0.0423,0.0733,-0.1140,0.9706,0.5846
19.900,1.7463,-0.5322,0.1387,-0.0012,-0.0013,-0.6932,0.0596,-0.0426,0.0733,-0.1141,0.9706,0.5846
19.950,1.7492,-0.5344,0.1387,-0.0012,-0.0013,-0.6989,0.0593,-0.0430,0.0733,-0.1141,1.0981,0.5598
20.000,1.7524,-0.5367,0.1387,-0.0012,-0.0013,-0.7065,0.0624,-0.0454,0.0772,-0.1513,1.0981,0.5598
20.050,1.7555,-0.5389,0.1387,-0.0012,-0.0013,-0.7144,0.0632,-0.0455,0.0778,-0.1578,1.0981,0.5598
20.100,1.7587,-0.5412,0.1387,-0.0012,-0.0013,-0.7223,0.0629,-0.0456,0.0777,-0.1586,1.0981,0.5598
20.150,1.7618,-0.5435,0.1387,-0.0013,-0.0013,-0.7303,0.0625,-0.0459,0.0775,-0.1587,1.0981,0.5598
20.200,1.7649,-0.5458,0.1387,-0.0013,-0.0013,-0.7382,0.0621,-0.0464,0.0775,-0.1587,1.0981,0.5598
20.250,1.7680,-0.5482,0.1387,-0.0013,-0.0013,-0.7461,0.0617,-0.0468,0.0775,-0.1587,1.0981,0.5598
20.300,1.7710,-0.5505,0.1387,-0.0013,-0.0012,-0.7541,0.0613,-0.0473,0.0775,-0.1586,1.0981,0.5598
20.350,1.7741,-0.5529,0.1387,-0.0013,-0.0012,-0.7620,0.0610,-0.0479,0.0775,-0.1586,1.0981,0.5598
20.400,1.7771,-0.5553,0.1387,-0.0013,-0.0012,-0.7699,0.0606,-0.0484,0.0775,-0.1585,1.0981,0.5598
20.450,1.7801,-0.5578,0.1387,-0.0013,-0.0012,-0.7778,0.0602,-0.0489,0.0776,-0.1585,1.0981,0.5598
20.500,1.7831,-0.5603,0.1387,-0.0013,-0.0012,-0.7858,0.0598,-0.0494,0.0776,-0.1585,1.0981,0.5598
20.550,1.7861,-0.5628,0.1387,-0.0013,-0.0012,-0.7937,0.0594,-0.0499,0.0776,-0.1584,1.0981,0.5598
20.600,1.7890,-0.5653,0.1387,-0.0013,-0.0012,-0.8016,0.0590,-0.0504,0.0776,-0.1584,1.0981,0.5598
20.650,1.7920,-0.5678,0.1387,-0.0014,-0.0012,-0.8095,0.0586,-0.0508,0.0776,-0.1585,1.0981,0.5598
20.700,1.7949,-0.5704,0.1387,-0.0014,-0.0012,-0.8175,0.0582,-0.0513,0.0776,-0.1585,1.0981,0.5598
20.750,1.7978,-0.5730,0.1387,-0.0014,-0.0012,-0.8254,0.0578,-0.0518,0.0776,-0.1585,1.0981,0.5598
20.800,1.8006,-0.5756,0.1387,-0.0014,-0.0012,-0.8333,0.0574,-0.0522,0.0776,-0.1586,1.0981,0.5598
20.850,1.8035,-0.5782,0.1387,-0.0014,-0.0011,-0.8412,0.0570,-0.0527,0.0776,-0.1586,1.0981,0.5598
20.900,1.8063,-0.5809,0.1387,-0.0014,-0.0011,-0.8492,0.0566,-0.0532,0.0776,-0.1586,1.0981,0.5598
20.950,1.8091,-0.5835,0.1387,-0.0014,-0.0011,-0.8571,0.0562,-0.0536,0.0776,-0.1587,1.0981,0.5598
21.000,1.8119,-0.5863,0.1387,-0.0014,-0.0011,-0.8650,0.0558,-0.0541,0.0777,-0.1587,1.0981,0.5598
21.050,1.8147,-0.5890,0.1387,-0.0014,-0.0011,-0.8730,0.0553,-0.0545,0.0777,-0.1587,1.0981,0.5598
21.100,1.8174,-0.5917,0.1387,-0.0014,-0.0011,-0.8809,0.0549,-0.0549,0.0776,-0.1587,1.0981,0.5598
21.150,1.8201,-0.5945,0.1387,-0.0014,-0.0011,-0.8888,0.0544,-0.0553,0.0776,-0.1586,1.0981,0.5598
21.200,1.8228,-0.5973,0.1387,-0.0015,-0.0011,-0.8968,0.0540,-0.0558,0.0776,-0.1586,1.0981,0.5598
21.250,1.8255,-0.6001,0.1387,-0.0015,-0.0010,-0.9047,0.0536,-0.0562,0.0776,-0.1586,1.0981,0.5598
21.300,1.8282,-0.6029,0.1387,-0.0015,-0.0010,-0.9126,0.0531,-0.0566,0.0776,-0.1587,1.0981,0.5598
21.350,1.8308,-0.6058,0.1387,-0.0014,-0.0010,-0.9206,0.0529,-0.0573,0.0780,-0.1588,1.0981,0.5598
21.400,1.8334,-0.6087,0.1387,-0.0014,-0.0009,-0.9285,0.0522,-0.0575,0.0777,-0.1588,1.0981,0.5598
21.450,1.8360,-0.6115,0.1387,-0.0015,-0.0010,-0.9365,0.0517,-0.0576,0.0774,-0.1589,1.0981,0.5598
21.500,1.8386,-0.6145,0.1387,-0.0014,-0.0009,-0.9444,0.0516,-0.0587,0.0781,-0.1587,1.0981,0.5598
21.550,1.8411,-0.6174,0.1387,-0.0014,-0.0009,-0.9524,0.0509,-0.0588,0.0778,-0.1590,1.0981,0.5598
21.600,1.8437,-0.6204,0.1387,-0.0014,-0.0009,-0.9603,0.0504,-0.0591,0.0777,-0.1590,1.0981,0.5598
21.650,1.8462,-0.6233,0.1387,-0.0014,-0.0009,-0.9683,0.0498,-0.0594,0.0775,-0.1590,1.0981,0.5598
21.700,1.8486,-0.6263,0.1387,-0.0015,-0.0009,-0.9762,0.0491,-0.0595,0.0771,-0.1591,1.0981,0.5598
21.750,1.8511,-0.6293,0.1387,-0.0016,-0.0009,-0.9842,0.0488,-0.0601,0.0774,-0.1593,1.0981,0.5598
21.800,1.8535,-0.6323,0.1387,-0.0016,-0.0009,-0.9921,0.0484,-0.0605,0.0775,-0.1593,1.0981,0.5598
21.850,1.8559,-0.6354,0.1387,-0.0016,-0.0009,-1.0001,0.0479,-0.0609,0.0775,-0.1593,1.0981,0.5598
21.900,1.8582,-0.6385,0.1387,-0.0016,-0.0009,-1.0081,0.0475,-0.0613,0.0776,-0.1593,1.0981,0.5598
21.950,1.8606,-0.6415,0.1387,-0.0016,-0.0009,-1.0160,0.0470,-0.0617,0.0776,-0.1592,1.0981,0.5598
22.000,1.8629,-0.6446,0.1387,-0.0016,-0.0009,-1.0240,0.0465,-0.0621,0.0776,-0.1591,1.0981,0.5598
22.050,1.8652,-0.6478,0.1387,-0.0016,-0.0009,-1.0319,0.0460,-0.0625,0.0776,-0.1590,1.0981,0.5598
22.100,1.8675,-0.6509,0.1387,-0.0016,-0.0008,-1.0399,0.0455,-0.0628,0.0776,-0.1589,1.0981,0.5598
22.150,1.8697,-0.6541,0.1387,-0.0016,-0.0008,-1.0478,0.0450,-0.0632,0.0776,-0.1588,1.0981,0.5598
22.200,1.8720,-0.6573,0.1387,-0.0016,-0.0008,-1.0558,0.0445,-0.0636,0.0776,-0.1587,1.0981,0.5598
22.250,1.8742,-0.6604,0.1387,-0.0016,-0.0008,-1.0637,0.0440,-0.0639,0.0776,-0.1586,1.0981,0.5598
22.300,1.8763,-0.6637,0.1387,-0.0016,-0.0008,-1.0716,0.0434,-0.0643,0.0776,-0.1585,1.0981,0.5598
22.350,1.8785,-0.6669,0.1387,-0.0016,-0.0008,-1.0795,0.0429,-0.0646,0.0776,-0.1585,1.0981,0.5598
22.400,1.8806,-0.6701,0.1387,-0.0016,-0.0008,-1.0875,0.0424,-0.0650,0.0776,-0.1584,1.0981,0.5598
22.450,1.8827,-0.6734,0.1387,-0.0016,-0.0008,-1.0954,0.0419,-0.0653,0.0776,-0.1584,1.4137,0.9938
22.500,1.8854,-0.6778,0.1387,-0.0018,-0.0008,-1.1031,0.0544,-0.0887,0.1040,-0.1548,1.4137,0.9938
22.550,1.8883,-0.6828,0.1387,-0.0016,-0.0007,-1.1096,0.0571,-0.0986,0.1139,-0.1296,1.4137,0.9938
22.600,1.8910,-0.6878,0.1387,-0.0017,-0.0007,-1.1158,0.0556,-0.1004,0.1148,-0.1234,1.4137,0.9938
22.650,1.8938,-0.6929,0.1387,-0.0017,-0.0007,-1.1218,0.0548,-0.1014,0.1153,-0.1214,1.4137,0.9938
22.700,1.8965,-0.6980,0.1387,-0.0017,-0.0007,-1.1279,0.0541,-0.1018,0.1153,-0.1211,1.4137,0.9938
22.750,1.8992,-0.7031,0.1387,-0.0017,-0.0007,-1.1340,0.0535,-0.1020,0.1152,-0.1214,1.4137,0.9938
22.800,1.9018,-0.7082,0.1387,-0.0017,-0.0007,-1.1401,0.0529,-0.1022,0.1151,-0.1219,1.4137,0.9938
22.850,1.9044,-0.7133,0.1387,-0.0016,-0.0006,-1.1462,0.0524,-0.1025,0.1151,-0.1225,1.4137,0.9938
22.900,1.9070,-0.7184,0.1387,-0.0016,-0.0006,-1.1523,0.0517,-0.1025,0.1148,-0.1225,1.4137,0.9938
22.950,1.9096,-0.7235,0.1387,-0.0017,-0.0006,-1.1584,0.0512,-0.1027,0.1147,-0.1229,1.4137,0.9938
23.000,1.9121,-0.7287,0.1387,-0.0017,-0.0006,-1.1646,0.0506,-0.1031,0.1148,-0.1235,1.4137,0.9938
23.050,1.9146,-0.7339,0.1387,-0.0017,-0.0006,-1.1708,0.0500,-0.1033,0.1148,-0.1236,1.4137,0.9938
23.100,1.9171,-0.7390,0.1387,-0.0017,-0.0006,-1.1770,0.0494,-0.1036,0.1148,-0.1236,1.4137,0.9938
23.150,1.9195,-0.7442,0.1387,-0.0017,-0.0006,-1.1832,0.0487,-0.1039,0.1148,-0.1236,1.4137,0.9938
23.200,1.9219,-0.7494,0.1387,-0.0017,-0.0006,-1.1893,0.0481,-0.1042,0.1147,-0.1237,1.4137,0.9938
23.250,1.9243,-0.7547,0.1387,-0.0017,-0.0006,-1.1955,0.0475,-0.1045,0.1147,-0.1237,1.4137,0.9938
23.300,1.9266,-0.7599,0.1387,-0.0017,-0.0006,-1.2017,0.0468,-0.1048,0.1147,-0.1238,1.4137,0.9938
23.350,1.9289,-0.7652,0.1387,-0.0017,-0.0006,-1.2079,0.0462,-0.1050,0.1147,-0.1238,1.4137,0.9938
23.400,1.9312,-0.7704,0.1387,-0.0017,-0.0005,-1.2141,0.0455,-0.1053,0.1147,-0.1238,1.4137,0.9938
23.450,1.9335,-0.7757,0.1387,-0.0017,-0.0005,-1.2203,0.0449,-0.1056,0.1147,-0.1239,1.4137,0.9938
23.500,1.9357,-0.7810,0.1387,-0.0017,-0.0005,-1.2265,0.0442,-0.1059,0.1147,-0.1239,1.4137,0.9938
23.550,1.9378,-0.7863,0.1387,-0.0017,-0.0005,-1.2327,0.0436,-0.1061,0.1147,-0.1239,1.4137,0.9938
23.600,1.9400,-0.7916,0.1387,-0.0017,-0.0005,-1.2389,0.0429,-0.1064,0.1147,-0.1238,1.4137,0.9938
23.650,1.9421,-0.7970,0.1387,-0.0017,-0.0005,-1.2451,0.0423,-0.1067,0.1147,-0.1238,1.4137,0.9938
23.700,1.9442,-0.8023,0.1387,-0.0017,-0.0005,-1.2512,0.0416,-0.1069,0.1147,-0.1238,1.4137,0.9938
23.750,1.9462,-0.8077,0.1387,-0.0017,-0.0005,-1.2574,0.0409,-0.1072,0.1147,-0.1238,1.4137,0.9938
23.800,1.9482,-0.8130,0.1387,-0.0017,-0.0005,-1.2636,0.0403,-0.1074,0.1147,-0.1237,1.4137,0.9938
23.850,1.9502,-0.8184,0.1387,-0.0017,-0.0004,-1.2698,0.0396,-0.1077,0.1147,-0.1237,1.4137,0.9938
23.900,1.9522,-0.8238,0.1387,-0.0017,-0.0004,-1.2760,0.0389,-0.1079,0.1147,-0.1237,1.4137,0.9938
23.950,1.9541,-0.8292,0.1387,-0.0017,-0.0004,-1.2822,0.0383,-0.1081,0.1147,-0.1237,1.4137,0.9938
24.000,1.9560,-0.8346,0.1387,-0.0017,-0.0004,-1.2884,0.0376,-0.1084,0.1147,-0.1237,1.4137,0.9938
24.050,1.9578,-0.8401,0.1387,-0.0017,-0.0004,-1.2946,0.0369,-0.1086,0.1147,-0.1237,1.4137,0.9938
24.100,1.9596,-0.8455,0.1387,-0.0017,-0.0004,-1.3007,0.0362,-0.1088,0.1147,-0.1237,1.4137,0.9938
24.150,1.9614,-0.8510,0.1387,-0.0017,-0.0004,-1.3069,0.0356,-0.1090,0.1147,-0.1237,1.4137,0.9938
24.200,1.9631,-0.8564,0.1387,-0.0017,-0.0004,-1.3131,0.0349,-0.1093,0.1147,-0.1237,1.4137,0.9938
24.250,1.9649,-0.8619,0.1387,-0.0017,-0.0004,-1.3193,0.0342,-0.1095,0.1147,-0.1237,1.4137,0.9938
24.300,1.9665,-0.8674,0.1387,-0.0017,-0.0004,-1.3255,0.0335,-0.1097,0.1147,-0.1237,1.4137,0.9938
24.350,1.9682,-0.8729,0.1387,-0.0017,-0.0003,-1.3317,0.0328,-0.1099,0.1147,-0.1237,1.4137,0.9938
24.400,1.9698,-0.8784,0.1387,-0.0017,-0.0003,-1.3378,0.0322,-0.1101,0.1147,-0.1237,1.4137,0.9938
24.450,1.9714,-0.8839,0.1387,-0.0017,-0.0003,-1.3440,0.0315,-0.1103,0.1147,-0.1237,1.4137,0.9938
24.500,1.9729,-0.8894,0.1387,-0.0017,-0.0003,-1.3502,0.0308,-0.1105,0.1147,-0.1237,1.4137,0.9938
24.550,1.9744,-0.8950,0.1387,-0.0017,-0.0003,-1.3564,0.0301,-0.1107,0.1147,-0.1237,1.4137,0.9938
24.600,1.9759,-0.9005,0.1387,-0.0017,-0.0003,-1.3626,0.0294,-0.1109,0.1147,-0.1238,1.4137,0.9938
24.650,1.9773,-0.9061,0.1387,-0.0017,-0.0003,-1.3688,0.0287,-0.1111,0.1147,-0.1238,1.4137,0.9938
24.700,1.9787,-0.9116,0.1387,-0.0017,-0.0003,-1.3750,0.0281,-0.1113,0.1147,-0.1238,1.4137,0.9938
24.750,1.9801,-0.9172,0.1387,-0.0017,-0.0003,-1.3812,0.0274,-0.1114,0.1147,-0.1237,1.4137,0.9938
24.800,1.9814,-0.9228,0.1387,-0.0018,-0.0002,-1.3874,0.0267,-0.1113,0.1145,-0.1242,1.4137,0.9938
24.850,1.9827,-0.9283,0.1387,-0.0018,-0.0002,-1.3936,0.0260,-0.1115,0.1145,-0.1241,1.4137,0.9938
24.900,1.9840,-0.9339,0.1387,-0.0018,-0.0002,-1.3998,0.0253,-0.1117,0.1145,-0.1241,1.4137,0.9938
24.950,1.9852,-0.9395,0.1387,-0.0018,-0.0002,-1.4060,0.0246,-0.1119,0.1145,-0.1242,0.5157,1.4348
25.000,1.9863,-0.9452,0.1387,-0.0017,-0.0002,-1.4065,0.0218,-0.1136,0.1157,-0.0109,0.5157,1.4348
25.050,1.9871,-0.9506,0.1387,-0.0016,-0.0002,-1.3988,0.0150,-0.1079,0.1089,0.1541,0.5157,1.4348
25.100,1.9875,-0.9556,0.1387,-0.0017,-0.0003,-1.3865,0.0100,-0.1006,0.1011,0.2463,0.5157,1.4348
25.150,1.9879,-0.9607,0.1387,-0.0017,-0.0003,-1.3732,0.0077,-0.1007,0.1010,0.2667,0.5157,1.4348
25.200,1.9883,-0.9657,0.1387,-0.0018,-0.0003,-1.3593,0.0076,-0.1009,0.1012,0.2769,0.5157,1.4348
25.250,1.9887,-0.9708,0.1387,-0.0018,-0.0003,-1.3453,0.0084,-0.1009,0.1012,0.2811,0.5157,1.4348
25.300,1.9892,-0.9758,0.1387,-0.0017,-0.0003,-1.3312,0.0100,-0.1010,0.1015,0.2815,0.5157,1.4348
25.350,1.9898,-0.9808,0.1387,-0.0018,-0.0004,-1.3173,0.0117,-0.1002,0.1009,0.2778,0.5157,1.4348
25.400,1.9905,-0.9858,0.1387,-0.0018,-0.0004,-1.3035,0.0135,-0.1002,0.1011,0.2752,0.5157,1.4348
25.450,1.9913,-0.9908,0.1387,-0.0018,-0.0004,-1.2899,0.0151,-0.0999,0.1010,0.2724,0.5157,1.4348
25.500,1.9921,-0.9958,0.1387,-0.0018,-0.0005,-1.2763,0.0166,-0.0997,0.1011,0.2720,0.5157,1.4348
25.550,1.9930,-1.0008,0.1387,-0.0018,-0.0005,-1.2627,0.0180,-0.0995,0.1011,0.2718,0.5157,1.4348
25.600,1.9940,-1.0057,0.1387,-0.0017,-0.0005,-1.2492,0.0194,-0.0992,0.1011,0.2717,0.5157,1.4348
25.650,1.9950,-1.0107,0.1387,-0.0017,-0.0005,-1.2356,0.0208,-0.0990,0.1011,0.2715,0.5157,1.4348
25.700,1.9961,-1.0156,0.1387,-0.0017,-0.0006,-1.2220,0.0222,-0.0987,0.1011,0.2714,0.5157,1.4348
25.750,1.9973,-1.0205,0.1387,-0.0017,-0.0006,-1.2084,0.0235,-0.0984,0.1012,0.2713,0.5157,1.4348
25.800,1.9985,-1.0254,0.1387,-0.0017,-0.0006,-1.1949,0.0249,-0.0980,0.1012,0.2712,0.5157,1.4348
25.850,1.9998,-1.0303,0.1387,-0.0017,-0.0006,-1.1813,0.0262,-0.0977,0.1012,0.2711,0.5157,1.4348
25.900,2.0012,-1.0352,0.1387,-0.0017,-0.0007,-1.1678,0.0276,-0.0974,0.1012,0.2710,0.5157,1.4348
25.950,2.0027,-1.0400,0.1387,-0.0017,-0.0007,-1.1542,0.0289,-0.0970,0.1012,0.2709,0.5157,1.4348
26.000,2.0042,-1.0449,0.1387,-0.0017,-0.0007,-1.1407,0.0302,-0.0966,0.1013,0.2708,0.5157,1.4348
26.050,2.0057,-1.0497,0.1387,-0.0017,-0.0007,-1.1272,0.0316,-0.0962,0.1013,0.2708,0.5157,1.4348
26.100,2.0074,-1.0545,0.1387,-0.0017,-0.0007,-1.1136,0.0329,-0.0958,0.1013,0.2708,0.5157,1.4348
26.150,2.0091,-1.0593,0.1387,-0.0017,-0.0008,-1.1001,0.0342,-0.0954,0.1013,0.2708,0.5157,1.4348
26.200,2.0109,-1.0640,0.1387,-0.0016,-0.0008,-1.0865,0.0355,-0.0949,0.1013,0.2708,0.5157,1.4348
26.250,2.0127,-1.0687,0.1387,-0.0016,-0.0008,-1.0730,0.0367,-0.0944,0.1013,0.2708,0.5157,1.4348
26.300,2.0146,-1.0734,0.1387,-0.0016,-0.0008,-1.0595,0.0380,-0.0939,0.1013,0.2708,0.5157,1.4348
26.350,2.0166,-1.0781,0.1387,-0.0016,-0.0009,-1.0459,0.0393,-0.0934,0.1013,0.2708,0.5157,1.4348
26.400,2.0186,-1.0827,0.1387,-0.0016,-0.0009,-1.0324,0.0405,-0.0928,0.1013,0.2708,0.5157,1.4348
26.450,2.0207,-1.0873,0.1387,-0.0016,-0.0009,-1.0189,0.0418,-0.0923,0.1013,0.2708,0.5157,1.4348
26.500,2.0228,-1.0919,0.1387,-0.0016,-0.0009,-1.0053,0.0430,-0.0917,0.1013,0.2708,0.5157,1.4348
26.550,2.0251,-1.0965,0.1387,-0.0016,-0.0009,-0.9918,0.0443,-0.0911,0.1013,0.2708,0.5157,1.4348
26.600,2.0273,-1.1010,0.1387,-0.0015,-0.0010,-0.9782,0.0455,-0.0905,0.1013,0.2708,0.5157,1.4348
26.650,2.0297,-1.1055,0.1387,-0.0015,-0.0010,-0.9647,0.0467,-0.0899,0.1013,0.2708,0.5157,1.4348
26.700,2.0321,-1.1100,0.1387,-0.0015,-0.0010,-0.9512,0.0479,-0.0892,0.1013,0.2708,0.5157,1.4348
26.750,2.0345,-1.1144,0.1387,-0.0015,-0.0010,-0.9376,0.0491,-0.0886,0.1013,0.2708,0.5157,1.4348
26.800,2.0370,-1.1188,0.1387,-0.0015,-0.0010,-0.9241,0.0503,-0.0879,0.1013,0.2708,0.5157,1.4348
26.850,2.0396,-1.1232,0.1387,-0.0015,-0.0011,-0.9106,0.0515,-0.0872,0.1013,0.2708,0.5157,1.4348
26.900,2.0423,-1.1275,0.1387,-0.0015,-0.0011,-0.8970,0.0527,-0.0865,0.1013,0.2708,0.5157,1.4348
26.950,2.0449,-1.1318,0.1387,-0.0015,-0.0011,-0.8835,0.0539,-0.0858,0.1013,0.2708,0.5157,1.4348
27.000,2.0477,-1.1360,0.1387,-0.0014,-0.0011,-0.8699,0.0550,-0.0851,0.1013,0.2708,0.5157,1.4348
27.050,2.0505,-1.1402,0.1387,-0.0014,-0.0011,-0.8564,0.0562,-0.0843,0.1013,0.2708,0.5157,1.4348
27.100,2.0534,-1.1444,0.1387,-0.0014,-0.0012,-0.8429,0.0573,-0.0836,0.1013,0.2708,0.5157,1.4348
27.150,2.0563,-1.1486,0.1387,-0.0014,-0.0012,-0.8293,0.0584,-0.0828,0.1013,0.2708,0.5157,1.4348
27.200,2.0593,-1.1527,0.1387,-0.0014,-0.0012,-0.8158,0.0595,-0.0820,0.1013,0.2708,0.5157,1.4348
27.250,2.0623,-1.1567,0.1387,-0.0014,-0.0012,-0.8022,0.0606,-0.0812,0.1013,0.2708,0.5157,1.4348
27.300,2.0654,-1.1607,0.1387,-0.0013,-0.0012,-0.7887,0.0618,-0.0803,0.1013,0.2708,0.5157,1.4348
27.350,2.0685,-1.1647,0.1387,-0.0013,-0.0013,-0.7752,0.0629,-0.0795,0.1013,0.2706,0.5157,1.4348
27.400,2.0717,-1.1686,0.1387,-0.0013,-0.0013,-0.7617,0.0639,-0.0786,0.1013,0.2704,0.5157,1.4348
27.450,2.0750,-1.1725,0.1387,-0.0013,-0.0013,-0.7481,0.0649,-0.0777,0.1013,0.2703,1.1585,1.0917
27.500,2.0781,-1.1761,0.1387,-0.0012,-0.0012,-0.7400,0.0627,-0.0712,0.0949,0.1622,1.1585,1.0917
27.550,2.0816,-1.1796,0.1387,-0.0013,-0.0013,-0.7382,0.0702,-0.0710,0.0998,0.0368,1.1585,1.0917
27.600,2.0856,-1.1833,0.1387,-0.0013,-0.0013,-0.7390,0.0797,-0.0733,0.1083,-0.0170,1.1585,1.0917
27.650,2.0897,-1.1869,0.1387,-0.0013,-0.0013,-0.7400,0.0817,-0.0722,0.1090,-0.0201,1.1585,1.0917
27.700,2.0938,-1.1905,0.1387,-0.0013,-0.0013,-0.7410,0.0819,-0.0718,0.1090,-0.0197,1.1585,1.0917
27.750,2.0979,-1.1941,0.1387,-0.0012,-0.0012,-0.7420,0.0819,-0.0720,0.1090,-0.0193,1.1585,1.0917
27.800,2.1019,-1.1977,0.1387,-0.0012,-0.0012,-0.7430,0.0815,-0.0721,0.1088,-0.0196,1.1585,1.0917
27.850,2.1060,-1.2013,0.1387,-0.0012,-0.0012,-0.7440,0.0814,-0.0724,0.1089,-0.0197,1.1585,1.0917
27.900,2.1101,-1.2050,0.1387,-0.0013,-0.0012,-0.7450,0.0811,-0.0727,0.1089,-0.0198,1.1585,1.0917
27.950,2.1141,-1.2086,0.1387,-0.0013,-0.0012,-0.7459,0.0810,-0.0729,0.1090,-0.0199,1.1585,1.0917
28.000,2.1182,-1.2123,0.1387,-0.0013,-0.0012,-0.7469,0.0808,-0.0731,0.1090,-0.0199,1.1585,1.0917
28.050,2.1222,-1.2159,0.1387,-0.0013,-0.0012,-0.7479,0.0807,-0.0733,0.1090,-0.0199,1.1585,1.0917
28.100,2.1262,-1.2196,0.1387,-0.0013,-0.0012,-0.7489,0.0806,-0.0734,0.1090,-0.0199,1.1585,1.0917
28.150,2.1303,-1.2233,0.1387,-0.0013,-0.0012,-0.7499,0.0805,-0.0735,0.1090,-0.0199,1.1585,1.0917
28.200,2.1343,-1.2269,0.1387,-0.0013,-0.0012,-0.7509,0.0804,-0.0736,0.1090,-0.0199,1.1585,1.0917
28.250,2.1383,-1.2306,0.1387,-0.0013,-0.0012,-0.7519,0.0803,-0.0737,0.1090,-0.0199,1.1585,1.0917
28.300,2.1423,-1.2343,0.1387,-0.0013,-0.0012,-0.7529,0.0802,-0.0738,0.1090,-0.0199,1.1585,1.0917
28.350,2.1463,-1.2380,0.1387,-0.0013,-0.0012,-0.7539,0.0801,-0.0739,0.1090,-0.0199,1.1585,1.0917
28.400,2.1503,-1.2417,0.1387,-0.0013,-0.0012,-0.7549,0.0801,-0.0740,0.1090,-0.0199,1.1585,1.0917
28.450,2.1543,-1.2454,0.1387,-0.0013,-0.0012,-0.7559,0.0800,-0.0741,0.1090,-0.0199,1.1585,1.0917
28.500,2.1583,-1.2491,0.1387,-0.0013,-0.0012,-0.7569,0.0799,-0.0742,0.1090,-0.0199,1.1585,1.0917
28.550,2.1623,-1.2528,0.1387,-0.0013,-0.0012,-0.7579,0.0798,-0.0743,0.1090,-0.0199,1.1585,1.0917
28.600,2.1663,-1.2566,0.1387,-0.0013,-0.0012,-0.7589,0.0798,-0.0743,0.1090,-0.0199,1.1585,1.0917
28.650,2.1703,-1.2603,0.1387,-0.0013,-0.0012,-0.7599,0.0797,-0.0744,0.1090,-0.0199,1.1585,1.0917
28.700,2.1743,-1.2640,0.1387,-0.0013,-0.0012,-0.7609,0.0796,-0.0745,0.1090,-0.0199,1.1585,1.0917
28.750,2.1782,-1.2677,0.1387,-0.0013,-0.0012,-0.7619,0.0795,-0.0746,0.1090,-0.0199,1.1585,1.0917
28.800,2.1822,-1.2715,0.1387,-0.0013,-0.0012,-0.7629,0.0795,-0.0747,0.1090,-0.0199,1.1585,1.0917
28.850,2.1862,-1.2752,0.1387,-0.0013,-0.0012,-0.7639,0.0794,-0.0747,0.1090,-0.0199,1.1585,1.0917
28.900,2.1901,-1.2789,0.1387,-0.0013,-0.0012,-0.7649,0.0793,-0.0748,0.1090,-0.0199,1.1585,1.0917
28.950,2.1941,-1.2827,0.1387,-0.0013,-0.0012,-0.7659,0.0792,-0.0749,0.1090,-0.0199,1.1585,1.0917
29.000,2.1981,-1.2864,0.1387,-0.0013,-0.0012,-0.7669,0.0792,-0.0750,0.1090,-0.0199,1.1585,1.0917
29.050,2.2020,-1.2902,0.1387,-0.0013,-0.0012,-0.7679,0.0791,-0.0750,0.1090,-0.0199,1.1585,1.0917
29.100,2.2060,-1.2940,0.1387,-0.0013,-0.0012,-0.7689,0.0790,-0.0751,0.1090,-0.0199,1.1585,1.0917
29.150,2.2099,-1.2977,0.1387,-0.0013,-0.0012,-0.7699,0.0789,-0.0752,0.1090,-0.0199,1.1585,1.0917
29.200,2.2139,-1.3015,0.1387,-0.0013,-0.0012,-0.7709,0.0789,-0.0753,0.1090,-0.0199,1.1585,1.0917
29.250,2.2178,-1.3052,0.1387,-0.0013,-0.0012,-0.7719,0.0788,-0.0754,0.1090,-0.0199,1.1585,1.0917
29.300,2.2217,-1.3090,0.1387,-0.0013,-0.0012,-0.7729,0.0787,-0.0754,0.1090,-0.0199,1.1585,1.0917
29.350,2.2257,-1.3128,0.1387,-0.0013,-0.0012,-0.7739,0.0786,-0.0755,0.1090,-0.0199,1.1585,1.0917
29.400,2.2296,-1.3166,0.1387,-0.0013,-0.0012,-0.7749,0.0786,-0.0756,0.1090,-0.0199,1.1585,1.0917
29.450,2.2335,-1.3204,0.1387,-0.0013,-0.0012,-0.7759,0.0785,-0.0757,0.1090,-0.0199,1.1585,1.0917
29.500,2.2374,-1.3241,0.1387,-0.0013,-0.0012,-0.7769,0.0784,-0.0758,0.1090,-0.0199,1.1585,1.0917
29.550,2.2413,-1.3279,0.1387,-0.0013,-0.0012,-0.7779,0.0783,-0.0758,0.1090,-0.0199,1.1585,1.0917
29.600,2.2453,-1.3317,0.1387,-0.0013,-0.0012,-0.7788,0.0783,-0.0759,0.1090,-0.0199,1.1585,1.0917
29.650,2.2492,-1.3355,0.1387,-0.0013,-0.0012,-0.7798,0.0782,-0.0760,0